Workbook

Sheet Summary
A1: MONTHLY SALES MIS REPORT — SUMMARY
A3: Total Revenue | C3: Total Agents | E3: % Who Hit Target | G3: Top Agent Name
A4: =SUM('Raw Data'!E2:E51) -> 5734312 | C4: =SUMPRODUCT(1/COUNTIF('Raw Data'!A2:A51,'Raw Data'!A2:A51)) -> 13 | E4: =COUNTIF('Raw Data'!H2:H51,"Met Target")/COUNTA('Raw Data'!H2:H51) -> 0.36 | G4: ='Agent Summary'!A4 -> Amit Patel
A9: Charts

Sheet Raw Data
A1: Agent Name | B1: Region | C1: Product | D1: Target (₹) | E1: Actual Sales (₹) | F1: Month | G1: Achievement % | H1: Status
A2: Rajesh Kumar | B2: North | C2: Product B | D2: 160000 | E2: 178850 | F2: Jan-2026 | G2: =E2/D2*100 -> 111.78125 | H2: =IF(G2>=100,"Met Target","Below Target") -> Met Target
A3: Anita Sharma | B3: North | C3: Product D | D3: 85000 | E3: 63825 | F3: Feb-2026 | G3: =E3/D3*100 -> 75.088235 | H3: =IF(G3>=100,"Met Target","Below Target") -> Below Target
A4: Vikram Singh | B4: North | C4: Product C | D4: 175000 | E4: 172522 | F4: Mar-2026 | G4: =E4/D4*100 -> 98.584 | H4: =IF(G4>=100,"Met Target","Below Target") -> Below Target
A5: Priya Nair | B5: South | C5: Product B | D5: 160000 | E5: 134656 | F5: Apr-2026 | G5: =E5/D5*100 -> 84.16 | H5: =IF(G5>=100,"Met Target","Below Target") -> Below Target
A6: Suresh Reddy | B6: South | C6: Product C | D6: 70000 | E6: 71591 | F6: May-2026 | G6: =E6/D6*100 -> 102.27286 | H6: =IF(G6>=100,"Met Target","Below Target") -> Met Target
A7: Divya Menon | B7: South | C7: Product C | D7: 65000 | E7: 62099 | F7: Jun-2026 | G7: =E7/D7*100 -> 95.536923 | H7: =IF(G7>=100,"Met Target","Below Target") -> Below Target
A8: Amit Patel | B8: West | C8: Product A | D8: 105000 | E8: 138681 | F8: Jan-2026 | G8: =E8/D8*100 -> 132.07714 | H8: =IF(G8>=100,"Met Target","Below Target") -> Met Target
A9: Neha Joshi | B9: West | C9: Product C | D9: 175000 | E9: 119838 | F9: Feb-2026 | G9: =E9/D9*100 -> 68.478857 | H9: =IF(G9>=100,"Met Target","Below Target") -> Below Target
A10: Kiran Desai | B10: West | C10: Product D | D10: 135000 | E10: 115128 | F10: Mar-2026 | G10: =E10/D10*100 -> 85.28 | H10: =IF(G10>=100,"Met Target","Below Target") -> Below Target
A11: Ravi Verma | B11: East | C11: Product D | D11: 60000 | E11: 46610 | F11: Apr-2026 | G11: =E11/D11*100 -> 77.683333 | H11: =IF(G11>=100,"Met Target","Below Target") -> Below Target
A12: Sneha Ghosh | B12: East | C12: Product C | D12: 140000 | E12: 109198 | F12: May-2026 | G12: =E12/D12*100 -> 77.998571 | H12: =IF(G12>=100,"Met Target","Below Target") -> Below Target
A13: Arjun Malhotra | B13: Central | C13: Product A | D13: 55000 | E13: 57815 | F13: Jun-2026 | G13: =E13/D13*100 -> 105.11818 | H13: =IF(G13>=100,"Met Target","Below Target") -> Met Target
... A51: Sneha Ghosh | B51: East | C51: Product D | D51: 200000 | E51: 157004 | F51: Feb-2026 | G51: =E51/D51*100 -> 78.502 | H51: =IF(G51>=100,"Met Target","Below Target") -> Below Target

Sheet Region Summary
A1: Region-wise Sales Summary
A3: Region | B3: Total Actual Sales
A4: Central | B4: =SUMIF('Raw Data'!$B$2:$B$51,A4,'Raw Data'!$E$2:$E$51) -> 536334
A5: East | B5: =SUMIF('Raw Data'!$B$2:$B$51,A5,'Raw Data'!$E$2:$E$51) -> 838716
A6: North | B6: =SUMIF('Raw Data'!$B$2:$B$51,A6,'Raw Data'!$E$2:$E$51) -> 1494841
A7: South | B7: =SUMIF('Raw Data'!$B$2:$B$51,A7,'Raw Data'!$E$2:$E$51) -> 1478230
A8: West | B8: =SUMIF('Raw Data'!$B$2:$B$51,A8,'Raw Data'!$E$2:$E$51) -> 1386191

Sheet Agent Summary
A1: Agent-wise Achievement Summary
A3: Agent Name | B3: Achievement %
A4: Amit Patel | B4: =AVERAGEIF('Raw Data'!$A$2:$A$51,A4,'Raw Data'!$G$2:$G$51) -> 122.16782
A5: Arjun Malhotra | B5: =AVERAGEIF('Raw Data'!$A$2:$A$51,A5,'Raw Data'!$G$2:$G$51) -> 110.59118
A6: Suresh Reddy | B6: =AVERAGEIF('Raw Data'!$A$2:$A$51,A6,'Raw Data'!$G$2:$G$51) -> 109.44419
A7: Rajesh Kumar | B7: =AVERAGEIF('Raw Data'!$A$2:$A$51,A7,'Raw Data'!$G$2:$G$51) -> 107.8898
A8: Divya Menon | B8: =AVERAGEIF('Raw Data'!$A$2:$A$51,A8,'Raw Data'!$G$2:$G$51) -> 104.5175
A9: Kiran Desai | B9: =AVERAGEIF('Raw Data'!$A$2:$A$51,A9,'Raw Data'!$G$2:$G$51) -> 94.460035
A10: Vikram Singh | B10: =AVERAGEIF('Raw Data'!$A$2:$A$51,A10,'Raw Data'!$G$2:$G$51) -> 90.808779
A11: Priya Nair | B11: =AVERAGEIF('Raw Data'!$A$2:$A$51,A11,'Raw Data'!$G$2:$G$51) -> 85.354111
A12: Sneha Ghosh | B12: =AVERAGEIF('Raw Data'!$A$2:$A$51,A12,'Raw Data'!$G$2:$G$51) -> 82.672199
A13: Ravi Verma | B13: =AVERAGEIF('Raw Data'!$A$2:$A$51,A13,'Raw Data'!$G$2:$G$51) -> 80.296179
A14: Pooja Iyer | B14: =AVERAGEIF('Raw Data'!$A$2:$A$51,A14,'Raw Data'!$G$2:$G$51) -> 79.243046
A15: Neha Joshi | B15: =AVERAGEIF('Raw Data'!$A$2:$A$51,A15,'Raw Data'!$G$2:$G$51) -> 77.26011
A16: Anita Sharma | B16: =AVERAGEIF('Raw Data'!$A$2:$A$51,A16,'Raw Data'!$G$2:$G$51) -> 74.979851

Sheet Month Summary
A1: Month-over-Month Sales Trend
A3: Month | B3: Total Actual Sales
A4: Jan-2026 | B4: =SUMIF('Raw Data'!$F$2:$F$51,A4,'Raw Data'!$E$2:$E$51) -> 1253988
A5: Feb-2026 | B5: =SUMIF('Raw Data'!$F$2:$F$51,A5,'Raw Data'!$E$2:$E$51) -> 1015551
A6: Mar-2026 | B6: =SUMIF('Raw Data'!$F$2:$F$51,A6,'Raw Data'!$E$2:$E$51) -> 910477
A7: Apr-2026 | B7: =SUMIF('Raw Data'!$F$2:$F$51,A7,'Raw Data'!$E$2:$E$51) -> 914111
A8: May-2026 | B8: =SUMIF('Raw Data'!$F$2:$F$51,A8,'Raw Data'!$E$2:$E$51) -> 911475
A9: Jun-2026 | B9: =SUMIF('Raw Data'!$F$2:$F$51,A9,'Raw Data'!$E$2:$E$51) -> 728710
